-- phpMyAdmin SQL Dump
-- version 3.5.1
-- http://www.phpmyadmin.net
--
-- Хост: 127.0.0.1
-- Время создания: Ноя 16 2017 г., 13:26
-- Версия сервера: 5.5.25
-- Версия PHP: 5.6.19

SET SQL_MODE="NO_AUTO_VALUE_ON_ZERO";
SET time_zone = "+00:00";


/*!40101 SET @OLD_CHARACTER_SET_CLIENT=@@CHARACTER_SET_CLIENT */;
/*!40101 SET @OLD_CHARACTER_SET_RESULTS=@@CHARACTER_SET_RESULTS */;
/*!40101 SET @OLD_COLLATION_CONNECTION=@@COLLATION_CONNECTION */;
/*!40101 SET NAMES utf8 */;

--
-- База данных: `fin`
--
CREATE DATABASE `fin` DEFAULT CHARACTER SET utf8 COLLATE utf8_general_ci;
USE `fin`;

-- --------------------------------------------------------

--
-- Структура таблицы `transaction`
--

CREATE TABLE IF NOT EXISTS `transaction` (
  `id` int(11) NOT NULL AUTO_INCREMENT,
  `id_user` int(11) NOT NULL,
  `balance` float NOT NULL,
  PRIMARY KEY (`id`)
) ENGINE=InnoDB  DEFAULT CHARSET=utf8 AUTO_INCREMENT=3 ;

--
-- Дамп данных таблицы `transaction`
--

INSERT INTO `transaction` (`id`, `id_user`, `balance`) VALUES
(1, 1, 149088),
(2, 2, 333);

-- --------------------------------------------------------

--
-- Структура таблицы `transactionlog`
--

CREATE TABLE IF NOT EXISTS `transactionlog` (
  `id` int(11) NOT NULL AUTO_INCREMENT,
  `id_user` int(11) NOT NULL,
  `sum_oper` float NOT NULL,
  `date_oper` datetime NOT NULL,
  PRIMARY KEY (`id`)
) ENGINE=InnoDB  DEFAULT CHARSET=utf8 AUTO_INCREMENT=68 ;

--
-- Дамп данных таблицы `transactionlog`
--

INSERT INTO `transactionlog` (`id`, `id_user`, `sum_oper`, `date_oper`) VALUES
(1, 0, 78, '0000-00-00 00:00:00'),
(2, 2, 4589, '0000-00-00 00:00:00'),
(3, 2, 57857900, '2017-11-15 16:33:56'),
(4, 2, 900, '2017-11-15 16:36:02'),
(5, 2, 789, '2017-11-15 16:36:46'),
(6, 2, 123, '2017-11-16 06:01:58'),
(7, 2, 23, '2017-11-16 06:05:12'),
(8, 2, 250, '2017-11-16 06:05:25'),
(9, 2, -500, '2017-11-16 06:05:35'),
(10, 2, 100, '2017-11-16 08:38:58'),
(11, 2, 4, '2017-11-16 08:39:04'),
(12, 1, 45, '2017-11-16 09:47:50'),
(13, 1, 75, '2017-11-16 09:48:00'),
(14, 1, 782, '2017-11-16 09:48:40'),
(15, 1, 7, '2017-11-16 10:46:14'),
(16, 2, 1, '2017-11-16 10:47:56'),
(17, 2, 3, '2017-11-16 10:48:03'),
(18, 2, 3, '2017-11-16 10:48:09'),
(19, 2, 3, '2017-11-16 10:51:57'),
(20, 2, 3, '2017-11-16 10:52:16'),
(21, 2, 3, '2017-11-16 10:54:14'),
(22, 2, 1, '2017-11-16 10:54:57'),
(23, 2, 2, '2017-11-16 10:56:19'),
(24, 2, 2, '2017-11-16 10:56:33'),
(25, 2, 2, '2017-11-16 11:00:20'),
(26, 2, 2, '2017-11-16 11:06:03'),
(27, 2, 0, '2017-11-16 11:07:05'),
(28, 2, -1, '2017-11-16 11:07:15'),
(29, 2, -900, '2017-11-16 11:07:40'),
(30, 2, 903, '2017-11-16 11:07:46'),
(31, 2, 902, '2017-11-16 11:07:55'),
(32, 2, 1, '2017-11-16 11:08:00'),
(33, 2, -500, '2017-11-16 11:08:40'),
(34, 2, 500, '2017-11-16 11:08:50'),
(35, 2, 0, '2017-11-16 11:23:45'),
(36, 2, 123, '2017-11-16 11:24:19'),
(37, 2, 377, '2017-11-16 11:24:28'),
(38, 2, -77, '2017-11-16 11:24:37'),
(39, 2, 0, '2017-11-16 11:24:54'),
(40, 2, 0, '2017-11-16 11:25:06'),
(41, 2, 0, '2017-11-16 11:25:20'),
(42, 2, 301, '2017-11-16 11:26:17'),
(43, 2, 300, '2017-11-16 11:26:43'),
(44, 2, 1, '2017-11-16 11:27:23'),
(45, 2, 300, '2017-11-16 11:27:39'),
(46, 2, 300, '2017-11-16 11:28:02'),
(47, 2, 0, '2017-11-16 11:29:20'),
(48, 2, 300, '2017-11-16 11:31:32'),
(49, 2, 300, '2017-11-16 11:35:20'),
(50, 2, 300, '2017-11-16 11:35:31'),
(51, 2, 300, '2017-11-16 11:37:20'),
(52, 2, 300, '2017-11-16 11:40:06'),
(53, 2, 300, '2017-11-16 11:41:25'),
(54, 2, 10, '2017-11-16 12:02:55'),
(55, 2, -10, '2017-11-16 12:03:02'),
(56, 2, 0, '2017-11-16 12:03:10'),
(57, 2, -10, '2017-11-16 12:05:54'),
(58, 2, 10, '2017-11-16 12:06:00'),
(59, 2, -45, '2017-11-16 12:08:43'),
(60, 2, -78, '2017-11-16 12:08:50'),
(61, 2, -1, '2017-11-16 12:08:56'),
(62, 2, -1, '2017-11-16 12:09:02'),
(63, 2, -1, '2017-11-16 12:09:19'),
(64, 2, -1, '2017-11-16 12:10:31'),
(65, 1, -1, '2017-11-16 12:30:03'),
(66, 1, -1, '2017-11-16 12:30:15'),
(67, 1, -1, '2017-11-16 12:30:20');

-- --------------------------------------------------------

--
-- Структура таблицы `users`
--

CREATE TABLE IF NOT EXISTS `users` (
  `id` int(11) NOT NULL AUTO_INCREMENT,
  `login` varchar(10) NOT NULL,
  `pswd` varchar(10) NOT NULL,
  `fio` varchar(35) NOT NULL,
  `prim` varchar(250) DEFAULT NULL,
  PRIMARY KEY (`id`)
) ENGINE=InnoDB  DEFAULT CHARSET=utf8 AUTO_INCREMENT=3 ;

--
-- Дамп данных таблицы `users`
--

INSERT INTO `users` (`id`, `login`, `pswd`, `fio`, `prim`) VALUES
(1, 'admin', 'admin', 'Иванов Иван Иванович', 'Администратор'),
(2, 'user', 'user', 'Петров Петр Петрович', 'Пользователь');

/*!40101 SET CHARACTER_SET_CLIENT=@OLD_CHARACTER_SET_CLIENT */;
/*!40101 SET CHARACTER_SET_RESULTS=@OLD_CHARACTER_SET_RESULTS */;
/*!40101 SET COLLATION_CONNECTION=@OLD_COLLATION_CONNECTION */;
